{
  "sample_n": 1000,
  "n_listings_seen": 1000,
  "success_rate": 1.0,
  "n_ok": 1000,
  "n_blocked": 0,
  "n_failed": 0,
  "n_total_photos": 25278,
  "elapsed_seconds": 2195.760273218155,
  "completed_at": 1777185862.228551
}